Name,Salary,Field,Age,City
Sita,57072,Education,42,Kathmandu
Ram,115164,Finance,29,Bhaktapur
Prakash,59132,IT,37,Janakpur
Bikash,129769,Education,32,Biratnagar
Bikash,96931,Education,27,Kathmandu
Gita,96011,Business,22,Biratnagar
Sita,106499,Finance,46,Kathmandu
Roshan,84178,Engineer,59,Dharan
Hari,133411,IT,21,Chitwan
Manish,39476,Engineer,35,Pokhara
Nabin,78529,Engineer,33,Bhaktapur
Shyam,90592,Medicine,24,Janakpur
Ram,83483,Medicine,26,Bhaktapur
Hari,65236,Engineer,58,Dharan
Suresh,63573,Business,22,Butwal
Bikash,92340,Medicine,48,Kathmandu
Sabin,119991,Medicine,58,Lalitpur
Dipesh,91228,Medicine,23,Chitwan
Ram,69441,Medicine,35,Pokhara
Roshan,79682,IT,22,Kathmandu
Suresh,142270,Engineer,45,Bhaktapur
Roshan,62176,IT,48,Janakpur
Nabin,133980,Finance,34,Dharan
Bikash,44727,Finance,54,Biratnagar
Suman,148552,Education,33,Butwal
Manish,111422,Finance,23,Pokhara
Prakash,51300,IT,28,Nepalgunj
Ram,94946,Education,52,Pokhara
Ramesh,70196,Engineer,38,Janakpur
Nabin,50613,Finance,34,Lalitpur
Sunil,132199,Medicine,56,Dharan
Prakash,121652,Finance,40,Pokhara
Gita,73841,Business,56,Nepalgunj
Suresh,25720,Medicine,58,Nepalgunj
Sunil,61704,Medicine,40,Kathmandu
Sita,117609,Medicine,35,Dharan
Hari,81993,Education,39,Lalitpur
Bibek,112435,Finance,29,Bhaktapur
Sita,139725,Medicine,53,Chitwan
Aashish,126352,Education,34,Chitwan
Aashish,69968,Business,46,Biratnagar
Dipesh,70604,IT,39,Dharan
Prakash,149553,Business,37,Biratnagar
Shyam,106991,Engineer,23,Biratnagar
Suman,123860,Education,55,Butwal
Roshan,127577,Education,57,Chitwan
Sita,105461,Medicine,31,Bhaktapur
Bibek,148557,Business,60,Pokhara
Hari,39936,Finance,47,Bhaktapur
Roshan,84923,Engineer,55,Lalitpur
Anil,146461,Education,51,Nepalgunj
Dipesh,24852,Business,23,Pokhara
Aashish,36547,Medicine,42,Lalitpur
Manish,85836,Finance,44,Pokhara
Suresh,146530,Medicine,53,Lalitpur
Hari,97356,Engineer,40,Butwal
Shyam,63515,Business,46,Butwal
Bikash,133993,Medicine,46,Biratnagar
Anil,33154,Engineer,29,Dharan
Hari,134581,Education,39,Pokhara
Bikash,130761,Finance,44,Janakpur
Sita,77711,Business,31,Biratnagar
Bibek,33069,Business,54,Bhaktapur
Prakash,88937,Engineer,50,Butwal
Suman,139333,Business,35,Chitwan
Aashish,79890,Finance,34,Butwal
Ramesh,22011,Finance,39,Chitwan
Aashish,114692,Business,29,Pokhara
Aashish,38894,Medicine,49,Pokhara
Suresh,73736,Medicine,23,Lalitpur
Prakash,134154,Finance,55,Chitwan
Hari,105823,Medicine,46,Nepalgunj
Dipesh,147134,Engineer,46,Kathmandu
Ramesh,40232,IT,55,Bhaktapur
Roshan,29807,Education,53,Biratnagar
Bikash,81537,Business,28,Lalitpur
Ramesh,122436,Engineer,44,Pokhara
Suman,147035,Finance,35,Bhaktapur
Bibek,54737,IT,36,Biratnagar
Prakash,64375,Education,33,Dharan
Roshan,101691,Finance,41,Janakpur
Bikash,110794,IT,25,Kathmandu
Sunil,72098,Engineer,48,Chitwan
Shyam,105175,IT,43,Chitwan
Bikash,30527,Medicine,25,Lalitpur
Shyam,131642,Engineer,54,Kathmandu
Sunil,63065,Business,32,Dharan
Bibek,131718,Finance,23,Butwal
Prakash,108389,Medicine,37,Janakpur
Hari,132635,Business,44,Janakpur
Suresh,89942,IT,58,Bhaktapur
Manish,69808,Medicine,58,Pokhara
Sunil,145060,Business,22,Butwal
Suresh,61505,Engineer,24,Pokhara
Kiran,102155,IT,32,Lalitpur
Bibek,114203,Business,57,Pokhara
Suman,136318,IT,55,Kathmandu
Gita,119536,Business,33,Kathmandu
Prakash,83956,Finance,50,Bhaktapur
Gita,134344,Engineer,33,Lalitpur
Bikash,90912,Medicine,41,Bhaktapur
Roshan,24705,Business,39,Dharan
Roshan,100931,IT,20,Biratnagar
Prakash,28968,Engineer,33,Pokhara
Manish,50771,Medicine,32,Nepalgunj
Nabin,102727,IT,27,Nepalgunj
Manish,109705,Engineer,50,Chitwan
Bibek,140708,IT,35,Pokhara
Aashish,57667,Education,58,Kathmandu
Bikash,49817,Education,33,Pokhara
Gita,117880,Engineer,45,Bhaktapur
Sabin,31846,Medicine,35,Butwal
Kiran,76881,Medicine,55,Lalitpur
Hari,148232,IT,40,Pokhara
Shyam,32903,Engineer,38,Biratnagar
Sita,119663,Business,44,Pokhara
Gita,103066,Education,49,Kathmandu
Ramesh,112260,Medicine,54,Butwal
Nabin,134370,Education,42,Kathmandu
Dipesh,33173,Business,39,Lalitpur
Hari,78153,Business,36,Nepalgunj
Bibek,41805,Finance,43,Dharan
Bibek,110964,IT,52,Dharan
Dipesh,59251,IT,51,Butwal
Suman,138413,IT,49,Kathmandu
Sabin,23794,Engineer,26,Dharan
Prakash,26028,Medicine,50,Dharan
Roshan,62516,Medicine,40,Lalitpur
Ram,124352,Finance,33,Biratnagar
Sita,27355,Education,43,Bhaktapur
Roshan,58452,Finance,40,Lalitpur
Prakash,66984,Finance,46,Chitwan
Sunil,69131,Business,22,Chitwan
Sita,76450,IT,56,Butwal
Anil,39080,Engineer,34,Lalitpur
Nabin,52007,Medicine,29,Kathmandu
Ramesh,89621,Engineer,21,Nepalgunj
Suman,74008,IT,36,Nepalgunj
Ram,94177,IT,55,Nepalgunj
Prakash,109364,Medicine,57,Bhaktapur
Sabin,123877,Business,57,Chitwan
Ramesh,43600,Education,46,Butwal
Sabin,42280,Finance,38,Dharan
Sita,42946,Business,29,Janakpur
Anil,30350,IT,32,Butwal
Sabin,99887,IT,41,Kathmandu
Dipesh,134142,Business,34,Pokhara
Suresh,70140,Finance,44,Chitwan
Gita,101226,Finance,56,Dharan
Aashish,109539,IT,35,Lalitpur
Ramesh,51566,Education,51,Dharan
Roshan,85230,Finance,55,Bhaktapur
Sabin,139646,Finance,41,Janakpur
Ram,96435,Medicine,36,Bhaktapur
Dipesh,38758,Education,51,Janakpur
Sunil,50433,Medicine,51,Kathmandu
Kiran,80443,Engineer,49,Dharan
Ram,103611,Business,30,Biratnagar
Sita,53289,IT,42,Butwal
Aashish,80236,Finance,30,Janakpur
Anil,53466,Engineer,28,Butwal
Bikash,107404,Medicine,54,Biratnagar
Shyam,21231,Finance,51,Nepalgunj
Bikash,137821,Business,31,Janakpur
Manish,125464,Medicine,54,Biratnagar
Hari,80981,Education,23,Dharan
Hari,138123,Education,53,Chitwan
Kiran,57700,IT,22,Lalitpur
Hari,108815,Finance,24,Kathmandu
Roshan,91643,Engineer,23,Biratnagar
Gita,40706,IT,20,Nepalgunj
Gita,29681,Finance,46,Bhaktapur
Kiran,77898,Finance,28,Kathmandu
Roshan,143893,Finance,60,Chitwan
Ramesh,65293,Finance,34,Kathmandu
Prakash,149453,Finance,24,Butwal
Sabin,97014,IT,29,Janakpur
Dipesh,59210,Business,20,Biratnagar
Nabin,103746,Business,33,Nepalgunj
Suresh,146095,IT,52,Bhaktapur
Roshan,75615,Education,49,Lalitpur
Suresh,110480,Business,43,Pokhara
Anil,52780,Engineer,23,Bhaktapur
Bibek,79878,Engineer,59,Bhaktapur
Aashish,130795,Education,60,Chitwan
Suman,59599,IT,59,Janakpur
Sabin,46111,Engineer,50,Kathmandu
Suman,70422,IT,51,Bhaktapur
Sita,131848,Engineer,21,Nepalgunj
Bikash,83335,Medicine,20,Dharan
Bikash,33979,Education,54,Biratnagar
Hari,51091,Education,55,Lalitpur
Sunil,69986,Education,46,Lalitpur
Ram,94963,IT,20,Bhaktapur
Manish,67049,Finance,21,Nepalgunj
Roshan,95341,Education,53,Biratnagar
Bikash,58780,Engineer,37,Biratnagar
Manish,111655,Medicine,54,Nepalgunj
Bikash,58696,IT,38,Kathmandu
Ram,22875,Engineer,21,Biratnagar
Hari,148181,Finance,52,Nepalgunj
Shyam,128794,Engineer,47,Nepalgunj
Bikash,106275,Education,31,Lalitpur
Hari,71879,Medicine,26,Nepalgunj
Shyam,55976,Education,26,Bhaktapur
Sunil,21061,Business,53,Butwal
Hari,94177,Education,29,Janakpur
Sabin,133386,Business,35,Chitwan
Bikash,109889,Education,32,Lalitpur
Prakash,122014,Medicine,59,Butwal
Kiran,117605,Medicine,53,Kathmandu
Suresh,147612,IT,36,Pokhara
Roshan,26428,Education,42,Kathmandu
Gita,139356,Business,37,Bhaktapur
Manish,99482,IT,45,Nepalgunj
Manish,117671,Engineer,25,Bhaktapur
Kiran,85107,Medicine,43,Kathmandu
Bikash,129161,IT,45,Janakpur
Kiran,138509,Medicine,49,Butwal
Nabin,138349,IT,56,Kathmandu
Suresh,57512,Engineer,35,Biratnagar
Sita,121677,Engineer,34,Nepalgunj
Sita,124708,Finance,39,Bhaktapur
Nabin,50162,Business,25,Lalitpur
Aashish,99569,Finance,22,Biratnagar
Nabin,125110,Business,25,Lalitpur
Nabin,66179,Engineer,45,Biratnagar
Suman,48705,IT,44,Kathmandu
Shyam,103442,Education,44,Kathmandu
Sita,44920,Medicine,55,Lalitpur
Shyam,101381,Engineer,50,Nepalgunj
Bibek,52850,Engineer,23,Lalitpur
Sunil,108835,IT,60,Pokhara
Sita,119035,Education,20,Janakpur
Bikash,114493,Engineer,30,Biratnagar
Suresh,120593,Engineer,25,Pokhara
Suresh,106400,IT,51,Biratnagar
Roshan,109241,Engineer,47,Dharan
Suman,129882,Business,41,Nepalgunj
Gita,37927,Business,56,Pokhara
Nabin,102345,Education,26,Biratnagar
Ramesh,32735,Business,53,Chitwan
Prakash,138410,Business,22,Biratnagar
Suman,102242,Engineer,34,Lalitpur
Bikash,104717,Medicine,33,Lalitpur
Hari,25167,Business,56,Dharan
Suman,60492,Education,50,Butwal
Roshan,123364,Business,37,Biratnagar
Sita,77779,Engineer,22,Lalitpur
Shyam,24373,Finance,24,Janakpur
Roshan,95965,Engineer,37,Nepalgunj
Ram,67823,IT,54,Biratnagar
Hari,115991,Education,56,Bhaktapur
Bikash,37224,Business,22,Nepalgunj
Ramesh,31813,IT,31,Lalitpur
Nabin,139226,Business,40,Dharan
Kiran,58680,Finance,21,Chitwan
Kiran,62823,Medicine,33,Chitwan
Suresh,117973,Finance,57,Lalitpur
Bibek,74460,Engineer,29,Lalitpur
Shyam,43021,Engineer,45,Kathmandu
Ramesh,46318,IT,24,Nepalgunj
Bibek,37322,IT,39,Dharan
Ram,123089,Engineer,30,Nepalgunj
Bibek,90701,Education,56,Kathmandu
Prakash,134879,Engineer,35,Lalitpur
Suman,147335,Engineer,56,Nepalgunj
Anil,67953,Business,44,Biratnagar
Nabin,89579,Finance,54,Nepalgunj
Roshan,85771,Education,41,Bhaktapur
Kiran,139732,Business,44,Nepalgunj
Gita,55720,Medicine,28,Pokhara
Suresh,128851,Education,25,Butwal
Anil,41567,Business,52,Lalitpur
Suresh,53681,Engineer,42,Biratnagar
Shyam,139806,Business,23,Pokhara
Manish,128093,IT,26,Bhaktapur
Roshan,143756,Education,47,Biratnagar
Shyam,83156,Engineer,34,Biratnagar
Sunil,146796,Finance,24,Lalitpur
Shyam,125708,Business,41,Pokhara
Shyam,58684,Engineer,58,Biratnagar
Manish,117853,Education,59,Butwal
Kiran,134084,IT,58,Kathmandu
Sabin,64396,IT,45,Chitwan
Sabin,125412,Education,40,Bhaktapur
Ramesh,35095,Education,21,Bhaktapur
Shyam,81385,Business,60,Pokhara
Sabin,146208,Engineer,37,Biratnagar
Hari,29869,Finance,48,Chitwan
Ramesh,38449,Education,51,Pokhara
Hari,118848,Education,34,Kathmandu
Dipesh,146681,Medicine,42,Kathmandu
Hari,49571,IT,55,Dharan
Bikash,132740,Medicine,44,Butwal
Bibek,108647,Finance,47,Dharan
Sita,114924,Education,31,Lalitpur
Manish,108395,Business,57,Dharan
Bikash,148442,IT,44,Butwal
Manish,72089,Medicine,25,Dharan
Dipesh,146781,IT,59,Biratnagar
Shyam,130853,Medicine,38,Janakpur
Dipesh,125458,Education,35,Dharan
Hari,93048,Engineer,24,Pokhara
Nabin,67942,Engineer,25,Butwal
Manish,31836,Business,37,Nepalgunj
Manish,123636,Finance,29,Bhaktapur
Sabin,71717,IT,44,Lalitpur
Sunil,21824,Finance,60,Butwal
Prakash,54663,Medicine,29,Pokhara
Suresh,90329,Education,44,Kathmandu
Sunil,36199,Business,40,Chitwan
Bikash,79609,Engineer,43,Kathmandu
Prakash,68311,Engineer,26,Biratnagar
Bibek,108188,Business,25,Chitwan
Gita,118174,IT,20,Pokhara
Anil,108125,Finance,39,Pokhara
Suman,54362,Medicine,48,Biratnagar
Sunil,96619,Finance,43,Lalitpur
Hari,69941,Engineer,37,Dharan
Ram,127795,Business,26,Lalitpur
Suman,103695,Engineer,28,Pokhara
Dipesh,143245,Education,25,Janakpur
Manish,68689,Engineer,31,Pokhara
Sita,34201,Medicine,47,Biratnagar
Hari,108452,IT,48,Nepalgunj
Roshan,50647,IT,55,Nepalgunj
Suresh,81797,Education,55,Butwal
Sabin,23280,Medicine,52,Kathmandu
Prakash,101205,Business,46,Dharan
Gita,135898,Finance,26,Lalitpur
Aashish,143623,Business,21,Nepalgunj
Hari,93584,Finance,25,Dharan
Bikash,62992,IT,42,Lalitpur
Aashish,139964,Engineer,55,Kathmandu
Anil,99964,Engineer,25,Pokhara
Ramesh,49015,Education,58,Biratnagar
Suman,104889,Business,58,Bhaktapur
Roshan,28285,Medicine,40,Bhaktapur
Anil,103283,Finance,44,Dharan
Dipesh,127984,Engineer,20,Janakpur
Sabin,80852,Education,38,Janakpur
Ram,139195,Business,46,Chitwan
Roshan,111891,Medicine,44,Chitwan
Anil,59608,IT,25,Chitwan
Sita,105097,Medicine,55,Bhaktapur
Gita,73516,IT,35,Pokhara
Prakash,35292,Business,56,Kathmandu
Sita,38320,Medicine,53,Dharan
Sita,25943,Education,30,Nepalgunj
Roshan,144028,Business,44,Janakpur
Gita,24877,IT,30,Butwal
Prakash,59893,Education,28,Lalitpur
Anil,84569,Engineer,37,Kathmandu
Dipesh,35220,Education,39,Biratnagar
Suresh,32739,Engineer,37,Kathmandu
Sunil,50775,Education,51,Dharan
Suresh,136294,IT,29,Pokhara
Prakash,90457,Finance,24,Chitwan
Sabin,37781,Finance,30,Nepalgunj
Kiran,70940,Engineer,47,Butwal
Prakash,79459,Engineer,37,Bhaktapur
Shyam,68629,Medicine,46,Pokhara
Hari,107881,Education,39,Kathmandu
Nabin,144437,Education,50,Bhaktapur
Prakash,117404,Education,24,Lalitpur
Shyam,111289,Education,43,Chitwan
Ram,143990,Medicine,36,Pokhara
Sunil,90804,Engineer,35,Butwal
Gita,74935,Finance,60,Pokhara
Prakash,96983,Medicine,51,Chitwan
Ramesh,117290,IT,58,Dharan
Suman,115236,Medicine,59,Butwal
Roshan,40253,Medicine,32,Butwal
Nabin,136052,Medicine,49,Chitwan
Roshan,74379,Business,26,Pokhara
Ram,105841,IT,28,Janakpur
Sita,32978,Engineer,39,Dharan
Hari,129273,Finance,20,Lalitpur
Gita,84139,Finance,45,Biratnagar
Roshan,100694,Engineer,41,Dharan
Shyam,73492,Business,59,Biratnagar
Aashish,143083,Finance,44,Lalitpur
Manish,144717,Medicine,41,Butwal
Roshan,56666,Finance,48,Kathmandu
Gita,24288,IT,41,Chitwan
Nabin,110476,IT,47,Butwal
Gita,68566,Engineer,58,Butwal
Shyam,48477,Business,28,Chitwan
Anil,78115,Education,39,Bhaktapur
Aashish,78287,Education,40,Chitwan
Shyam,144591,Business,58,Nepalgunj
Aashish,50947,Finance,32,Kathmandu
Suresh,132125,Business,50,Lalitpur
Bikash,67537,Business,40,Pokhara
Sita,33022,Finance,31,Pokhara
Aashish,148572,IT,45,Biratnagar
Roshan,109873,Medicine,40,Janakpur
Nabin,68147,Engineer,38,Dharan
Dipesh,91364,Education,60,Nepalgunj
Gita,138187,IT,51,Bhaktapur
Bikash,148167,Business,56,Janakpur
Ramesh,104518,Business,35,Kathmandu
Ramesh,67012,Education,40,Dharan
Nabin,27936,Finance,44,Janakpur
Ram,72184,Engineer,37,Dharan
Ramesh,56160,Medicine,45,Janakpur
Sunil,44878,Finance,43,Butwal
Nabin,146904,Education,27,Nepalgunj
Bikash,36011,Finance,56,Bhaktapur
Prakash,144388,Medicine,32,Butwal
Ramesh,131153,Medicine,57,Chitwan
Sita,128028,Business,54,Pokhara
Bibek,79600,Finance,31,Dharan
Shyam,32015,IT,55,Kathmandu
Kiran,106870,IT,21,Janakpur
Bikash,47801,Finance,49,Nepalgunj
Suresh,104109,Medicine,33,Janakpur
Suman,103819,Engineer,48,Nepalgunj
Aashish,98269,Medicine,38,Nepalgunj
Anil,147283,Medicine,24,Lalitpur
Bikash,22799,Engineer,46,Pokhara
Bikash,26629,Education,51,Butwal
Ram,123126,Medicine,28,Lalitpur
Suresh,63713,Engineer,60,Lalitpur
Bibek,51925,Finance,39,Bhaktapur
Sunil,149606,Engineer,35,Bhaktapur
Prakash,36505,IT,36,Lalitpur
Hari,123150,Engineer,29,Kathmandu
Prakash,94000,Medicine,47,Dharan
Aashish,46896,Education,44,Pokhara
Sabin,28992,Finance,24,Dharan
Bibek,128765,Engineer,48,Bhaktapur
Roshan,120290,Medicine,58,Lalitpur
Sunil,92641,Education,50,Nepalgunj
Ram,47152,Engineer,57,Chitwan
Sita,96858,Finance,45,Biratnagar
Prakash,48305,Finance,54,Pokhara
Ramesh,126568,IT,52,Pokhara
Manish,133992,Finance,46,Dharan
Prakash,50539,Education,54,Janakpur
Shyam,63064,Medicine,22,Dharan
Sita,121498,Finance,43,Janakpur
Dipesh,39340,Finance,54,Biratnagar
Nabin,123369,Medicine,58,Chitwan
Aashish,138034,Medicine,60,Janakpur
Sunil,98116,Education,25,Butwal
Nabin,20371,Finance,26,Kathmandu
Dipesh,56342,Education,35,Nepalgunj
Sabin,132513,Finance,42,Nepalgunj
Sita,148978,Engineer,30,Janakpur
Bibek,38964,Finance,59,Dharan
Manish,149437,IT,22,Pokhara
Suresh,37038,IT,56,Dharan
Prakash,90807,IT,45,Lalitpur
Shyam,52853,IT,41,Lalitpur
Nabin,124662,Education,47,Nepalgunj
Ram,42871,Finance,26,Nepalgunj
Sabin,34408,Engineer,20,Nepalgunj
Roshan,106646,Education,26,Pokhara
Suresh,133567,Medicine,36,Pokhara
Aashish,23379,Finance,34,Nepalgunj
Nabin,37275,Business,52,Pokhara
Hari,21947,Finance,53,Chitwan
Sunil,66955,Education,55,Janakpur
Dipesh,123544,IT,57,Biratnagar
Sunil,123341,Business,56,Dharan
Sita,51186,Education,34,Chitwan
Anil,97182,Finance,48,Dharan
Sabin,62437,Engineer,43,Butwal
Anil,22068,Education,45,Nepalgunj
Nabin,42838,Engineer,49,Nepalgunj
Sunil,54782,Business,57,Butwal
Bibek,26868,Medicine,52,Kathmandu
Anil,36614,Education,29,Lalitpur
Roshan,117218,Business,42,Chitwan
Gita,75176,Engineer,21,Dharan
Suresh,88955,Business,50,Lalitpur
Nabin,34896,IT,26,Nepalgunj
Bibek,117735,Education,38,Nepalgunj
Ramesh,28330,IT,46,Dharan
Dipesh,82422,Medicine,25,Kathmandu
Manish,78756,Business,27,Dharan
Anil,121976,Business,29,Biratnagar
Bibek,67453,Business,42,Bhaktapur
Roshan,87271,Business,39,Kathmandu
Ram,97812,Medicine,41,Butwal
Anil,34293,Engineer,49,Chitwan
Anil,79245,Finance,33,Biratnagar
Suresh,86039,Medicine,53,Kathmandu
Nabin,49038,Engineer,50,Biratnagar
Manish,143917,Education,42,Chitwan
Dipesh,100623,Engineer,50,Chitwan
Sunil,25683,Education,26,Chitwan
Suman,115321,Engineer,48,Butwal
Suman,122659,Business,48,Pokhara
Suman,139111,Medicine,40,Bhaktapur
Suresh,133636,Engineer,24,Lalitpur
Sabin,106363,Finance,39,Chitwan
Kiran,88347,Finance,22,Butwal
Ramesh,59535,IT,27,Biratnagar
Hari,80036,Engineer,21,Chitwan
Anil,104323,Medicine,41,Dharan
Sabin,146356,Business,26,Nepalgunj
Dipesh,24082,IT,30,Pokhara
Sunil,27972,Engineer,35,Bhaktapur
Hari,82781,Business,53,Butwal
Bikash,131057,Medicine,31,Bhaktapur
Anil,72640,Medicine,55,Dharan
Bikash,75872,IT,30,Butwal
Suresh,109928,IT,41,Janakpur
Gita,34150,Engineer,55,Biratnagar
Ram,84260,Business,47,Kathmandu
Shyam,113375,Finance,49,Janakpur
Bikash,139236,Business,34,Lalitpur
Kiran,78138,Medicine,45,Pokhara
Dipesh,29632,Medicine,60,Chitwan
Hari,137868,Engineer,31,Janakpur
Suman,30589,Finance,31,Dharan
Nabin,62219,Education,60,Lalitpur
Manish,99730,Engineer,47,Janakpur
Suresh,39442,Medicine,45,Nepalgunj
Bibek,28609,Medicine,21,Kathmandu
Kiran,36540,Business,59,Lalitpur
Bibek,56046,Finance,32,Bhaktapur
Bikash,101830,Business,48,Bhaktapur
Gita,102978,Business,57,Kathmandu
Ram,96724,Engineer,47,Bhaktapur
Sita,91874,Business,44,Kathmandu
Nabin,113343,IT,20,Butwal
Bikash,62622,IT,33,Kathmandu
Ramesh,69925,Business,33,Biratnagar
Sabin,98301,Finance,37,Bhaktapur
Suman,89541,Business,24,Chitwan
Shyam,58652,Medicine,56,Biratnagar
Roshan,79469,Medicine,26,Butwal
Bikash,86263,Finance,54,Janakpur
Sita,99354,Engineer,31,Dharan
Suman,76387,IT,43,Pokhara
Gita,32999,IT,40,Kathmandu
Suman,123952,Engineer,32,Bhaktapur
Sabin,111983,Business,49,Biratnagar
Roshan,34996,Finance,27,Butwal
Dipesh,131777,Education,36,Nepalgunj
Sunil,105814,Education,51,Butwal
Suman,105316,Business,53,Lalitpur
Dipesh,135042,Engineer,60,Butwal
Sabin,120789,Finance,40,Nepalgunj
Nabin,92264,IT,58,Janakpur
Roshan,114481,IT,44,Biratnagar
Suman,133441,Business,59,Biratnagar
Ramesh,48183,Medicine,45,Lalitpur
Kiran,76370,Engineer,57,Chitwan
Suman,79186,Education,27,Pokhara
Prakash,136403,Engineer,42,Chitwan
Bikash,49949,Business,42,Kathmandu
Prakash,74239,Engineer,49,Dharan
Sabin,64424,IT,59,Kathmandu
Kiran,128451,Business,31,Lalitpur
Bikash,79441,IT,39,Nepalgunj
Prakash,72262,Finance,59,Bhaktapur
Suman,74524,Finance,57,Bhaktapur
Hari,115631,Medicine,25,Bhaktapur
Anil,32463,Engineer,28,Bhaktapur
Bikash,60966,Finance,40,Chitwan
Prakash,75936,Engineer,27,Dharan
Sunil,60963,IT,35,Janakpur
Sunil,107177,Business,39,Kathmandu
Roshan,53408,Finance,27,Kathmandu
Hari,69060,Business,31,Butwal
Gita,144989,Finance,43,Lalitpur
Gita,40006,Engineer,29,Lalitpur
Bikash,110023,Finance,52,Nepalgunj
Bibek,140977,Education,44,Kathmandu
Gita,82163,Finance,46,Bhaktapur
Suresh,28799,IT,58,Chitwan
Hari,31957,Medicine,28,Nepalgunj
Nabin,129022,IT,56,Chitwan
Nabin,31188,Business,44,Chitwan
Sunil,32219,Engineer,47,Dharan
Roshan,76606,Engineer,31,Dharan
Suman,32656,Finance,51,Biratnagar
Nabin,117594,Engineer,60,Butwal
Shyam,116835,Medicine,54,Chitwan
Suresh,68843,Medicine,31,Bhaktapur
Nabin,126400,Finance,55,Butwal
Bibek,37054,Finance,30,Chitwan
Manish,92924,Business,51,Janakpur
Ram,27861,Finance,38,Nepalgunj
Manish,96869,IT,28,Dharan
Bibek,145386,IT,31,Nepalgunj
Kiran,93608,IT,40,Pokhara
Ram,93620,Medicine,48,Kathmandu
Aashish,63207,Education,59,Janakpur
Anil,107819,Engineer,23,Biratnagar
Bibek,36021,Business,42,Janakpur
Nabin,73845,Finance,20,Nepalgunj
Roshan,66346,Business,51,Nepalgunj
Roshan,134505,Medicine,28,Chitwan
Dipesh,107207,Finance,32,Chitwan
Bikash,143355,Finance,44,Pokhara
Kiran,118341,Medicine,55,Butwal
Bikash,75435,Engineer,52,Pokhara
Prakash,133782,Finance,51,Biratnagar
Nabin,140041,Engineer,46,Chitwan
Kiran,114510,Medicine,51,Biratnagar
Ram,26743,Business,46,Chitwan
Bibek,146929,Finance,48,Chitwan
Sunil,57700,Education,51,Chitwan
Bibek,98696,Engineer,30,Bhaktapur
Ramesh,60953,Finance,25,Lalitpur
Suman,66090,Engineer,56,Janakpur
Gita,33579,Finance,21,Bhaktapur
Dipesh,95748,Finance,34,Kathmandu
Roshan,86507,Finance,38,Nepalgunj
Ram,47884,Business,22,Dharan
Bibek,40280,Education,37,Biratnagar
Manish,106079,Finance,34,Lalitpur
Manish,83201,Engineer,54,Kathmandu
Ram,49392,Business,38,Butwal
Hari,131054,IT,30,Chitwan
Nabin,34184,Engineer,49,Chitwan
Gita,65890,Engineer,56,Dharan
Suman,130804,Education,51,Dharan
Ramesh,92910,IT,55,Dharan
Shyam,68176,Business,52,Kathmandu
Prakash,35058,Finance,27,Nepalgunj
Bibek,119956,Engineer,56,Nepalgunj
Sunil,56512,Education,27,Bhaktapur
Suresh,95248,Education,37,Biratnagar
Suman,49643,Education,54,Bhaktapur
Sunil,125804,IT,43,Janakpur
Sunil,76244,Finance,54,Butwal
Bibek,130776,Business,22,Biratnagar
Prakash,93526,Engineer,48,Janakpur
Nabin,147735,Education,54,Chitwan
Prakash,120588,Finance,33,Lalitpur
Hari,127272,Finance,47,Janakpur
Kiran,101490,Medicine,26,Lalitpur
Ram,100422,Education,35,Chitwan
Roshan,108470,IT,39,Pokhara
Shyam,104239,Finance,22,Butwal
Aashish,92972,Business,48,Lalitpur
Bikash,23441,Medicine,36,Chitwan
Hari,99822,Finance,42,Janakpur
Shyam,141776,Education,25,Lalitpur
Ram,106223,Education,48,Biratnagar
Bikash,128719,Finance,27,Pokhara
Suresh,110894,Business,35,Bhaktapur
Ram,55054,Medicine,33,Biratnagar
Dipesh,23794,Education,57,Bhaktapur
Gita,43647,Medicine,42,Chitwan
Bikash,55818,IT,59,Dharan
Gita,112104,Finance,60,Biratnagar
Kiran,119930,Education,47,Biratnagar
Sita,60499,IT,30,Chitwan
Manish,140787,Medicine,59,Nepalgunj
Suresh,64541,IT,28,Chitwan
Suman,66009,Business,33,Butwal
Prakash,20800,Engineer,33,Pokhara
Aashish,43777,Business,23,Butwal
Ramesh,134014,Medicine,56,Kathmandu
Dipesh,38776,Business,42,Nepalgunj
Dipesh,94228,Education,54,Nepalgunj
Sita,106159,Medicine,37,Nepalgunj
Ramesh,72531,Business,58,Pokhara
Anil,29120,Finance,54,Butwal
Sita,38595,Finance,30,Bhaktapur
Manish,117120,Business,40,Janakpur
Ram,102991,Education,38,Pokhara
Anil,147377,Education,38,Dharan
Manish,24018,IT,56,Janakpur
Bibek,32026,Education,37,Chitwan
Bibek,117794,Medicine,52,Dharan
Suresh,89531,Finance,26,Kathmandu
Hari,48197,Medicine,28,Lalitpur
Manish,69308,Finance,46,Lalitpur
Bikash,75028,Engineer,23,Bhaktapur
Sita,79460,Education,37,Biratnagar
Anil,64681,Business,28,Dharan
Dipesh,40631,Finance,28,Nepalgunj
Sita,68503,Business,35,Butwal
Manish,60846,Engineer,29,Lalitpur
Shyam,114581,Medicine,40,Biratnagar
Aashish,62517,Business,35,Lalitpur
Roshan,121821,Finance,45,Pokhara
Nabin,143392,Engineer,51,Butwal
Aashish,94395,Finance,29,Biratnagar
Hari,98148,Engineer,56,Lalitpur
Sabin,31135,Education,60,Biratnagar
Sunil,135781,Education,37,Kathmandu
Ram,26895,Education,60,Kathmandu
Nabin,40392,Education,46,Butwal
Kiran,40632,Education,44,Chitwan
Sita,118885,Engineer,48,Bhaktapur
Nabin,100981,Finance,24,Lalitpur
Aashish,26522,Business,60,Nepalgunj
Suman,108338,Medicine,25,Lalitpur
Gita,30693,Medicine,45,Butwal
Nabin,55665,Engineer,52,Pokhara
Ramesh,78079,Finance,37,Lalitpur
Sabin,106761,Engineer,43,Nepalgunj
Prakash,75576,Medicine,49,Dharan
Dipesh,83656,Engineer,51,Dharan
Roshan,99570,Engineer,40,Dharan
Kiran,77939,Education,57,Dharan
Suman,74287,Medicine,20,Butwal
Nabin,55804,Education,25,Dharan
Manish,48255,Education,49,Kathmandu
Prakash,118951,Business,60,Kathmandu
Sunil,87154,Engineer,42,Janakpur
Bikash,34918,Business,24,Bhaktapur
Hari,65242,Engineer,54,Biratnagar
Prakash,76349,Finance,45,Kathmandu
Suman,34534,Education,33,Biratnagar
Bikash,57125,Engineer,47,Janakpur
Suman,108895,Engineer,33,Bhaktapur
Manish,108930,IT,51,Kathmandu
Dipesh,97743,Finance,37,Kathmandu
Bibek,83783,Education,40,Bhaktapur
Sunil,89066,Finance,38,Bhaktapur
Ram,107442,Business,41,Biratnagar
Kiran,60425,Business,55,Chitwan
Sunil,25952,Engineer,56,Lalitpur
Ramesh,48903,Medicine,28,Pokhara
Kiran,71807,Engineer,56,Dharan
Suresh,149033,IT,51,Janakpur
Aashish,98554,Engineer,41,Nepalgunj
Prakash,27180,Education,23,Chitwan
Sunil,21007,IT,22,Lalitpur
Prakash,46794,Engineer,26,Pokhara
Dipesh,59507,Business,60,Kathmandu
Prakash,143905,Education,49,Chitwan
Roshan,47686,Engineer,21,Chitwan
Ram,120578,Education,27,Butwal
Sabin,37987,Business,30,Janakpur
Suresh,120160,Medicine,48,Nepalgunj
Hari,53491,Medicine,49,Janakpur
Bikash,57938,Finance,20,Biratnagar
Nabin,63007,Engineer,47,Dharan
Kiran,35726,Finance,32,Lalitpur
Roshan,21013,Education,28,Biratnagar
Bikash,85193,Engineer,39,Butwal
Kiran,117912,Medicine,30,Biratnagar
Kiran,76446,IT,37,Bhaktapur
Suman,43028,Finance,25,Lalitpur
Ram,36932,Education,43,Dharan
Hari,69834,Finance,36,Kathmandu
Anil,89806,Medicine,25,Bhaktapur
Bikash,112231,Medicine,43,Bhaktapur
Bibek,50161,IT,30,Lalitpur
Bikash,85570,Education,23,Bhaktapur
Anil,93233,Finance,45,Kathmandu
Manish,129229,Medicine,60,Nepalgunj
Aashish,107562,Education,39,Janakpur
Kiran,125670,Medicine,34,Lalitpur
Roshan,66421,IT,47,Pokhara
Sabin,29447,IT,25,Biratnagar
Aashish,72044,Business,26,Kathmandu
Nabin,132953,Engineer,20,Dharan
Roshan,117260,Education,33,Chitwan
Sunil,25544,Business,50,Janakpur
Aashish,77176,IT,24,Nepalgunj
Suman,22456,Education,28,Kathmandu
Prakash,80260,Medicine,57,Nepalgunj
Anil,140738,IT,34,Kathmandu
Prakash,30205,Finance,53,Pokhara
Bikash,132998,Medicine,48,Kathmandu
Sita,61033,Business,20,Kathmandu
Suresh,95465,Education,20,Pokhara
Sunil,76267,Business,41,Dharan
Sita,95156,Business,27,Butwal
Roshan,73008,Education,47,Dharan
Ramesh,112995,Medicine,28,Pokhara
Suresh,103904,Engineer,50,Janakpur
Suresh,74747,Engineer,24,Chitwan
Kiran,57947,Engineer,34,Butwal
Prakash,35096,Education,44,Lalitpur
Manish,73088,IT,25,Bhaktapur
Sabin,22733,IT,26,Kathmandu
Dipesh,146641,Education,26,Chitwan
Anil,62568,Finance,40,Dharan
Sita,42527,Medicine,43,Pokhara
Suresh,125030,Finance,39,Janakpur
Anil,144205,Education,28,Chitwan
Bikash,101018,Education,44,Nepalgunj
Aashish,80305,IT,28,Nepalgunj
Ramesh,129055,Medicine,29,Lalitpur
Anil,110388,Business,24,Dharan
Ram,140556,Medicine,53,Pokhara
Roshan,67428,IT,56,Janakpur
Gita,31551,Business,20,Nepalgunj
Prakash,77240,Business,59,Pokhara
Shyam,130688,Medicine,30,Chitwan
Shyam,33875,Education,48,Pokhara
Roshan,51891,Engineer,42,Pokhara
Anil,77104,IT,33,Butwal
Gita,97184,IT,60,Bhaktapur
Kiran,72487,Engineer,29,Nepalgunj
Sita,88676,Finance,46,Bhaktapur
Ram,30308,Finance,59,Chitwan
Manish,71873,IT,48,Janakpur
Anil,134101,Engineer,33,Bhaktapur
Kiran,60668,Engineer,25,Biratnagar
Kiran,117754,Business,26,Dharan
Suman,64500,Education,28,Chitwan
Sunil,49041,Finance,27,Lalitpur
Ramesh,63655,Finance,57,Kathmandu
Shyam,122120,Business,44,Janakpur
Prakash,42037,Medicine,42,Butwal
Kiran,30011,Finance,47,Bhaktapur
Sita,86910,Business,40,Butwal
Hari,102998,Engineer,28,Biratnagar
Bibek,34945,Medicine,35,Bhaktapur
Kiran,89547,IT,37,Kathmandu
Hari,86840,Engineer,25,Kathmandu
Manish,45415,Medicine,35,Pokhara
Shyam,138741,Education,55,Pokhara
Gita,121741,Business,58,Nepalgunj
Gita,65793,Education,58,Butwal
Manish,66019,Engineer,58,Lalitpur
Anil,115339,Education,38,Pokhara
Hari,145596,Medicine,21,Janakpur
Bikash,127341,IT,39,Pokhara
Sita,104599,Education,33,Pokhara
Roshan,126828,Engineer,53,Chitwan
Nabin,39358,Engineer,58,Bhaktapur
Dipesh,50968,Finance,52,Butwal
Dipesh,33474,Education,32,Chitwan
Dipesh,39194,Medicine,45,Chitwan
Bikash,53550,Medicine,38,Butwal
Sabin,45856,Finance,23,Kathmandu
Bibek,42740,Education,35,Pokhara
Suman,98957,Business,51,Lalitpur
Suman,40036,Business,44,Kathmandu
Anil,119642,Finance,27,Chitwan
Manish,119503,Engineer,35,Biratnagar
Nabin,105918,IT,51,Biratnagar
Anil,29876,Business,60,Dharan
Manish,43218,Education,58,Pokhara
Dipesh,144687,IT,24,Pokhara
Shyam,121298,Medicine,53,Kathmandu
Dipesh,102306,Medicine,20,Kathmandu
Sita,84764,Business,43,Lalitpur
Suresh,80811,Engineer,40,Lalitpur
Suresh,118886,Medicine,28,Biratnagar
Prakash,93889,IT,44,Biratnagar
Hari,119598,Engineer,56,Butwal
Ramesh,95952,Business,46,Nepalgunj
Bikash,78838,Medicine,43,Chitwan
Ramesh,109277,Business,54,Pokhara
Roshan,141130,Engineer,31,Biratnagar
Hari,135611,Engineer,50,Biratnagar
Ramesh,93989,Engineer,24,Lalitpur
Ram,104278,Finance,21,Pokhara
Nabin,103269,Education,57,Dharan
Suman,149306,Finance,24,Dharan
Dipesh,101857,IT,20,Butwal
Kiran,62363,Engineer,36,Chitwan
Anil,133278,Education,33,Dharan
Shyam,147267,Engineer,22,Butwal
Bikash,102210,Education,23,Dharan
Anil,61436,Medicine,45,Lalitpur
Anil,39786,IT,52,Pokhara
Suman,77640,Education,38,Lalitpur
Hari,28950,IT,60,Kathmandu
Bikash,81462,Business,52,Lalitpur
Prakash,77961,Engineer,46,Pokhara
Manish,102756,Medicine,47,Dharan
Suresh,59691,Business,45,Nepalgunj
Nabin,124376,Education,25,Butwal
Sita,56002,Finance,60,Nepalgunj
Roshan,97518,Education,54,Butwal
Bikash,27362,Engineer,54,Lalitpur
Gita,66129,Education,59,Nepalgunj
Prakash,86497,IT,29,Dharan
Gita,29724,Education,37,Biratnagar
Hari,60685,Engineer,25,Nepalgunj
Shyam,80521,Engineer,39,Kathmandu
Ramesh,79233,Finance,25,Lalitpur
Anil,24929,Medicine,52,Butwal
Dipesh,27456,Medicine,33,Butwal
Manish,68331,Medicine,29,Pokhara
Anil,129012,Business,54,Dharan
Suman,57627,Medicine,40,Butwal
Sita,30057,Business,45,Kathmandu
Suman,104497,Education,57,Pokhara
Anil,133278,Finance,60,Chitwan
Bibek,148105,Engineer,24,Biratnagar
Prakash,132105,Business,39,Kathmandu
Sabin,31835,Education,47,Janakpur
Roshan,100610,Finance,35,Nepalgunj
Kiran,97867,Business,23,Nepalgunj
Suman,86462,Finance,35,Bhaktapur
Hari,70394,Education,25,Biratnagar
Dipesh,80648,Medicine,47,Janakpur
Shyam,96064,Medicine,27,Janakpur
Nabin,92655,Education,49,Nepalgunj
Sunil,145073,Finance,59,Pokhara
Dipesh,123785,IT,58,Dharan
Prakash,116851,Finance,23,Bhaktapur
Ram,137424,Business,39,Butwal
Hari,25376,Finance,31,Biratnagar
Bikash,78947,Education,27,Dharan
Manish,139150,Engineer,20,Lalitpur
Manish,126144,IT,28,Janakpur
Ram,94928,Finance,20,Nepalgunj
Prakash,105437,IT,30,Kathmandu
Manish,44672,IT,51,Kathmandu
Shyam,62143,Finance,42,Lalitpur
Ramesh,99299,Finance,53,Janakpur
Kiran,82341,Medicine,53,Butwal
Sabin,85715,Finance,36,Butwal
Suman,39773,Finance,30,Lalitpur
Prakash,145530,Medicine,43,Pokhara
Ramesh,28109,Medicine,28,Butwal
Manish,79050,Engineer,37,Biratnagar
Nabin,33566,Finance,27,Bhaktapur
Kiran,126295,Business,21,Biratnagar
Hari,137850,IT,41,Chitwan
Kiran,129756,Education,47,Kathmandu
Aashish,65015,Medicine,37,Janakpur
Nabin,148763,Education,53,Bhaktapur
Sunil,113626,Finance,24,Janakpur
Sunil,31053,Business,36,Dharan
Sita,86132,IT,56,Dharan
Ramesh,104689,Finance,60,Bhaktapur
Sunil,42617,Business,24,Pokhara
Nabin,25130,IT,51,Butwal
Kiran,52472,Business,49,Butwal
Anil,112749,Medicine,52,Nepalgunj
Bibek,77377,Finance,43,Butwal
Roshan,149890,Business,23,Pokhara
Shyam,77595,Business,51,Butwal
Suman,88690,Finance,56,Butwal
Hari,88517,IT,30,Biratnagar
Sunil,99928,Finance,43,Pokhara
Prakash,40807,Business,30,Butwal
Sunil,67696,Education,36,Kathmandu
Sita,68870,Engineer,26,Pokhara
Bibek,140315,Education,56,Dharan
Sabin,57079,IT,27,Dharan
Ram,70779,Business,34,Kathmandu
Roshan,73578,Engineer,52,Janakpur
Suman,121510,IT,20,Janakpur
Nabin,64350,Education,22,Kathmandu
Shyam,108984,Medicine,20,Pokhara
Suresh,98366,Finance,35,Nepalgunj
Sabin,26863,IT,22,Nepalgunj
Aashish,123445,IT,50,Chitwan
Dipesh,102691,Business,43,Janakpur
Kiran,104843,Engineer,44,Janakpur
Suman,63863,Education,29,Bhaktapur
Shyam,28639,IT,31,Butwal
Suresh,63213,Finance,22,Biratnagar
Prakash,32387,IT,55,Biratnagar
Roshan,93133,IT,46,Kathmandu
Gita,108916,Business,34,Bhaktapur
Anil,70667,IT,40,Butwal
Suman,57243,Engineer,35,Biratnagar
Kiran,53029,Business,46,Janakpur
Sita,114861,Medicine,40,Nepalgunj
Ram,131616,Medicine,37,Nepalgunj
Dipesh,106057,Education,24,Butwal
Bikash,146407,Education,56,Biratnagar
Ramesh,138796,Education,43,Butwal
Anil,98997,Business,27,Pokhara
Roshan,134462,Engineer,52,Pokhara
Ram,39709,Business,23,Bhaktapur
Roshan,63694,Business,31,Kathmandu
Nabin,30682,Business,34,Biratnagar
Hari,96380,Business,53,Biratnagar
Bikash,106980,IT,22,Chitwan
Sita,38537,Education,45,Janakpur
Suman,140159,Education,24,Janakpur
Sita,65851,Finance,49,Biratnagar
Gita,60662,Medicine,38,Pokhara
Kiran,146837,Education,39,Kathmandu
Anil,105990,Engineer,40,Lalitpur
Sabin,111551,IT,25,Butwal
Prakash,106787,Medicine,55,Lalitpur
Nabin,71374,Finance,49,Dharan
Kiran,36901,Business,20,Pokhara
Kiran,97993,Finance,43,Chitwan
Bikash,112908,Medicine,32,Nepalgunj
Suman,142945,Education,38,Bhaktapur
Roshan,31104,Medicine,56,Bhaktapur
Gita,60577,IT,39,Pokhara
Bibek,93259,IT,59,Dharan
Suresh,69372,Engineer,35,Bhaktapur
Dipesh,104343,Business,49,Butwal
Sabin,123764,Education,43,Bhaktapur
Gita,63054,Education,57,Biratnagar
Hari,126585,Finance,51,Pokhara
Prakash,36750,Business,32,Dharan
Nabin,107833,Finance,54,Kathmandu
Sunil,112121,Business,35,Nepalgunj
Sabin,128653,Medicine,29,Pokhara
Prakash,144139,Medicine,20,Butwal
Ram,116832,Business,46,Butwal
